"Sample ID","Strain","IR Type","IR Location","Timepoint","Radiaion Dose_cGy","Focus Area","Condition","Description","Gender"
"TRX-TE-MSP-0623","Balb_cJ","Xray","TBI","1","433","FA1","Training","TnE_Training_4Gy_FA1","Male"
"TRX-TE-MSP-0942","Balb_cJ","Xray","na","na","na","FA2","Blinded","TnE_Phase1b_Blinded_FA2","Female"
"TRX-TE-MSP-0732","Balb_cJ","Xray","na","na","na","FA1","Blinded","TnE_Phase1b_Blinded_FA1","Female"
"TRX-BCP-0001","Balb_cJ","pool","pool","pool","na","na","BatchQC","BalbC_Pool","Mix"
"TRX-TE-MSP-0916","Balb_cJ","Xray","na","na","na","FA2","Blinded","TnE_Phase1b_Blinded_FA2","Female"
"TRX-XBC-0001","Balb_cJ","Xray","TBI","14","200","na","Control","Xray_Balb_Control","Female"
"TRX-TE-MSP-0761","Balb_cJ","Xray","na","na","na","FA1","Blinded","TnE_Phase1b_Blinded_FA1","Male"
"TRX-TE-MSP-1019","Balb_cJ","Xray","na","na","na","FA2","Blinded","TnE_Phase1b_Blinded_FA2","Male"
"TRX-DIRP-0062","C57BL6","pool","pool","pool","na","na","BatchRef","Diff_IR_Pelts_Pool","Male"
"TRX-TE-MSP-0613","Balb_cJ","Xray","TBI","90","108","FA2","Training","TnE_Training_1Gy_FA2","Female"
"TRX-TE-MSP-0731","Balb_cJ","Xray","na","na","na","FA1","Blinded","TnE_Phase1b_Blinded_FA1","Female"
"TRX-TE-MSP-0924","Balb_cJ","Xray","na","na","na","FA2","Blinded","TnE_Phase1b_Blinded_FA2","Female"
"TRX-TE-MSP-0974","Balb_cJ","Xray","na","na","na","FA2","Blinded","TnE_Phase1b_Blinded_FA2","Male"
"TRX-XBC-0002","Balb_cJ","Xray","TBI","1","400","na","Control","Xray_Balb_Control","Female"
"TRX-DIRP-0063","C57BL6","pool","pool","pool","na","na","BatchRef","Diff_IR_Pelts_Pool","Male"
"TRX-TE-MSP-0682","Balb_cJ","Xray","na","na","na","FA1","Blinded","TnE_Phase1b_Blinded_FA1","Female"
"TRX-TE-MSP-0591","Balb_cJ","Control","na","130","0","FA2","Training","TnE_Baseline_0Gy_FA2","Male"
"TRX-TE-MSP-1010","Balb_cJ","Xray","na","na","na","FA2","Blinded","TnE_Phase1b_Blinded_FA2","Male"
"TRX-TE-MSP-0788","Balb_cJ","Xray","na","na","na","FA1","Blinded","TnE_Phase1b_Blinded_FA1","Male"
"TRX-TE-MSP-0635","Balb_cJ","Xray","TBI","90","433","FA2","Training","TnE_Training_4Gy_FA2","Male"
"TRX-TE-MSP-0985","Balb_cJ","Xray","na","na","na","FA2","Blinded","TnE_Phase1b_Blinded_FA2","Male"
"TRX-TE-MSP-0756","Balb_cJ","Xray","na","na","na","FA1","Blinded","TnE_Phase1b_Blinded_FA1","Male"
"TRX-TE-MSP-0961","Balb_cJ","Xray","na","na","na","FA2","Blinded","TnE_Phase1b_Blinded_FA2","Male"
"TRX-BCP-0002","Balb_cJ","pool","pool","pool","na","na","BatchQC","BalbC_Pool","Mix"
"TRX-TE-MSP-0809","Balb_cJ","Xray","na","na","na","FA1","Blinded","TnE_Phase1b_Blinded_FA1","Male"
"TRX-TE-MSP-0773","Balb_cJ","Xray","na","na","na","FA1","Blinded","TnE_Phase1b_Blinded_FA1","Male"
"TRX-TE-MSP-1032","Balb_cJ","Xray","na","na","na","FA2","Blinded","TnE_Phase1b_Blinded_FA2","Male"
"TRX-TE-MSP-0912","Balb_cJ","Xray","na","na","na","FA2","Blinded","TnE_Phase1b_Blinded_FA2","Female"
"TRX-TE-MSP-0783","Balb_cJ","Xray","na","na","na","FA1","Blinded","TnE_Phase1b_Blinded_FA1","Male"
"TRX-DIRP-0064","C57BL6","pool","pool","pool","na","na","BatchRef","Diff_IR_Pelts_Pool","Male"
"TRX-BCP-0003","Balb_cJ","pool","pool","pool","na","na","BatchQC","BalbC_Pool","Mix"
"TRX-TE-MSP-0872","Balb_cJ","Xray","na","na","na","FA2","Blinded","TnE_Phase1b_Blinded_FA2","Female"
"TRX-TE-MSP-0577","Balb_cJ","Control","na","1","0","FA1","Training","TnE_Baseline_0Gy_FA1","Female"
"TRX-XBC-0003","Balb_cJ","Xray","TBI","1","200","na","Control","Xray_Balb_Control","Female"
"TRX-TE-MSP-1020","Balb_cJ","Xray","na","na","na","FA2","Blinded","TnE_Phase1b_Blinded_FA2","Male"
"TRX-TE-MSP-0676","Balb_cJ","Xray","na","na","na","FA1","Blinded","TnE_Phase1b_Blinded_FA1","Female"
"TRX-BCP-0004","Balb_cJ","pool","pool","pool","na","na","BatchQC","BalbC_Pool","Mix"
"TRX-TE-MSP-0754","Balb_cJ","Xray","na","na","na","FA1","Blinded","TnE_Phase1b_Blinded_FA1","Male"
"TRX-TE-MSP-0619","Balb_cJ","Xray","TBI","150","108","FA2","Training","TnE_Training_1Gy_FA2","Male"
"TRX-XBC-0004","Balb_cJ","Xray","TBI","1","100","na","Control","Xray_Balb_Control","Male"
"TRX-TE-MSP-1037","Balb_cJ","Xray","na","na","na","FA2","Blinded","TnE_Phase1b_Blinded_FA2","Male"
"TRX-TE-MSP-0995","Balb_cJ","Xray","na","na","na","FA2","Blinded","TnE_Phase1b_Blinded_FA2","Male"
"TRX-TE-MSP-0882","Balb_cJ","Xray","na","na","na","FA2","Blinded","TnE_Phase1b_Blinded_FA2","Female"
"TRX-TE-MSP-0603","Balb_cJ","Xray","TBI","6","108","FA1","Training","TnE_Training_1Gy_FA1","Male"
"TRX-TE-MSP-0813","Balb_cJ","Xray","na","na","na","FA1","Blinded","TnE_Phase1b_Blinded_FA1","Male"
"TRX-TE-MSP-0737","Balb_cJ","Xray","na","na","na","FA1","Blinded","TnE_Phase1b_Blinded_FA1","Female"
"TRX-DIRP-0065","C57BL6","pool","pool","pool","na","na","BatchRef","Diff_IR_Pelts_Pool","Male"
"TRX-TE-MSP-0901","Balb_cJ","Xray","na","na","na","FA2","Blinded","TnE_Phase1b_Blinded_FA2","Female"
"TRX-TE-MSP-0663","Balb_cJ","Xray","na","na","na","FA1","Blinded","TnE_Phase1b_Blinded_FA1","Female"
"TRX-TE-MSP-0855","Balb_cJ","Xray","na","na","na","FA2","Blinded","TnE_Phase1b_Blinded_FA2","Female"
"TRX-TE-MSP-0817","Balb_cJ","Xray","na","na","na","FA1","Blinded","TnE_Phase1b_Blinded_FA1","Male"
"TRX-TE-MSP-0925","Balb_cJ","Xray","na","na","na","FA2","Blinded","TnE_Phase1b_Blinded_FA2","Female"
"TRX-TE-MSP-0678","Balb_cJ","Xray","na","na","na","FA1","Blinded","TnE_Phase1b_Blinded_FA1","Female"
"TRX-BCP-0005","Balb_cJ","pool","pool","pool","na","na","BatchQC","BalbC_Pool","Mix"
"TRX-XBC-0005","Balb_cJ","Xray","TBI","6","200","na","Control","Xray_Balb_Control","Male"
"TRX-TE-MSP-0691","Balb_cJ","Xray","na","na","na","FA1","Blinded","TnE_Phase1b_Blinded_FA1","Female"
"TRX-TE-MSP-1045","Balb_cJ","Xray","na","na","na","FA2","Blinded","TnE_Phase1b_Blinded_FA2","Male"
"TRX-DIRP-0066","C57BL6","pool","pool","pool","na","na","BatchRef","Diff_IR_Pelts_Pool","Male"
"TRX-TE-MSP-0657","Balb_cJ","Xray","na","na","na","FA1","Blinded","TnE_Phase1b_Blinded_FA1","Female"
"TRX-TE-MSP-0629","Balb_cJ","Xray","TBI","6","433","FA1","Training","TnE_Training_4Gy_FA1","Female"
"TRX-TE-MSP-0865","Balb_cJ","Xray","na","na","na","FA2","Blinded","TnE_Phase1b_Blinded_FA2","Female"
"TRX-DIRP-0067","C57BL6","pool","pool","pool","na","na","BatchRef","Diff_IR_Pelts_Pool","Male"
"TRX-BCP-0006","Balb_cJ","pool","pool","pool","na","na","BatchQC","BalbC_Pool","Mix"
"TRX-TE-MSP-0597","Balb_cJ","Control","na","150","0","FA2","Training","TnE_Baseline_0Gy_FA2","Female"
"TRX-TE-MSP-0753","Balb_cJ","Xray","na","na","na","FA1","Blinded","TnE_Phase1b_Blinded_FA1","Male"
"TRX-TE-MSP-0641","Balb_cJ","Xray","TBI","130","433","FA2","Training","TnE_Training_4Gy_FA2","Female"
"TRX-TE-MSP-0941","Balb_cJ","Xray","na","na","na","FA2","Blinded","TnE_Phase1b_Blinded_FA2","Female"
"TRX-TE-MSP-0965","Balb_cJ","Xray","na","na","na","FA2","Blinded","TnE_Phase1b_Blinded_FA2","Male"
"TRX-TE-MSP-0699","Balb_cJ","Xray","na","na","na","FA1","Blinded","TnE_Phase1b_Blinded_FA1","Female"
"TRX-TE-MSP-0673","Balb_cJ","Xray","na","na","na","FA1","Blinded","TnE_Phase1b_Blinded_FA1","Female"
"TRX-TE-MSP-0964","Balb_cJ","Xray","na","na","na","FA2","Blinded","TnE_Phase1b_Blinded_FA2","Male"
"TRX-XBC-0006","Balb_cJ","Control","na","14","0","na","Control","Xray_Balb_Control","Male"
"TRX-TE-MSP-0904","Balb_cJ","Xray","na","na","na","FA2","Blinded","TnE_Phase1b_Blinded_FA2","Female"
"TRX-TE-MSP-0824","Balb_cJ","Xray","na","na","na","FA1","Blinded","TnE_Phase1b_Blinded_FA1","Male"
"TRX-TE-MSP-0957","Balb_cJ","Xray","na","na","na","FA2","Blinded","TnE_Phase1b_Blinded_FA2","Male"
"TRX-TE-MSP-0675","Balb_cJ","Xray","na","na","na","FA1","Blinded","TnE_Phase1b_Blinded_FA1","Female"
"TRX-BCP-0007","Balb_cJ","pool","pool","pool","na","na","BatchQC","BalbC_Pool","Mix"
"TRX-TE-MSP-0650","Balb_cJ","Xray","na","na","na","FA1","Blinded","TnE_Phase1b_Blinded_FA1","Female"
"TRX-TE-MSP-0609","Balb_cJ","Xray","TBI","14","108","FA1","Training","TnE_Training_1Gy_FA1","Female"
"TRX-TE-MSP-1038","Balb_cJ","Xray","na","na","na","FA2","Blinded","TnE_Phase1b_Blinded_FA2","Male"
"TRX-XBC-0007","Balb_cJ","Control","na","6","0","na","Control","Xray_Balb_Control","Female"
"TRX-TE-MSP-0861","Balb_cJ","Xray","na","na","na","FA2","Blinded","TnE_Phase1b_Blinded_FA2","Female"
"TRX-TE-MSP-0959","Balb_cJ","Xray","na","na","na","FA2","Blinded","TnE_Phase1b_Blinded_FA2","Male"
"TRX-DIRP-0068","C57BL6","pool","pool","pool","na","na","BatchRef","Diff_IR_Pelts_Pool","Male"
"TRX-XBC-0008","Balb_cJ","Xray","TBI","1","400","na","Control","Xray_Balb_Control","Male"
"TRX-TE-MSP-0718","Balb_cJ","Xray","na","na","na","FA1","Blinded","TnE_Phase1b_Blinded_FA1","Female"
"TRX-TE-MSP-0583","Balb_cJ","Control","na","14","0","FA1","Training","TnE_Baseline_0Gy_FA1","Male"
"TRX-TE-MSP-0767","Balb_cJ","Xray","na","na","na","FA1","Blinded","TnE_Phase1b_Blinded_FA1","Male"
"TRX-TE-MSP-0836","Balb_cJ","Xray","na","na","na","FA1","Blinded","TnE_Phase1b_Blinded_FA1","Male"
"TRX-TE-MSP-0780","Balb_cJ","Xray","na","na","na","FA1","Blinded","TnE_Phase1b_Blinded_FA1","Male"
"TRX-TE-MSP-0906","Balb_cJ","Xray","na","na","na","FA2","Blinded","TnE_Phase1b_Blinded_FA2","Female"
"TRX-DIRP-0069","C57BL6","pool","pool","pool","na","na","BatchRef","Diff_IR_Pelts_Pool","Male"
"TRX-TE-MSP-0869","Balb_cJ","Xray","na","na","na","FA2","Blinded","TnE_Phase1b_Blinded_FA2","Female"
"TRX-TE-MSP-0665","Balb_cJ","Xray","na","na","na","FA1","Blinded","TnE_Phase1b_Blinded_FA1","Female"
"TRX-BCP-0008","Balb_cJ","pool","pool","pool","na","na","BatchQC","BalbC_Pool","Mix"
"TRX-TE-MSP-0945","Balb_cJ","Xray","na","na","na","FA2","Blinded","TnE_Phase1b_Blinded_FA2","Male"
"TRX-DIRP-0070","C57BL6","pool","pool","pool","na","na","BatchRef","Diff_IR_Pelts_Pool","Male"
"TRX-TE-MSP-0811","Balb_cJ","Xray","na","na","na","FA1","Blinded","TnE_Phase1b_Blinded_FA1","Male"
"TRX-TE-MSP-0589","Balb_cJ","Control","na","90","0","FA2","Training","TnE_Baseline_0Gy_FA2","Female"
"TRX-TE-MSP-0936","Balb_cJ","Xray","na","na","na","FA2","Blinded","TnE_Phase1b_Blinded_FA2","Female"
"TRX-TE-MSP-0962","Balb_cJ","Xray","na","na","na","FA2","Blinded","TnE_Phase1b_Blinded_FA2","Male"
"TRX-TE-MSP-0714","Balb_cJ","Xray","na","na","na","FA1","Blinded","TnE_Phase1b_Blinded_FA1","Female"
"TRX-TE-MSP-0973","Balb_cJ","Xray","na","na","na","FA2","Blinded","TnE_Phase1b_Blinded_FA2","Male"
"TRX-BCP-0009","Balb_cJ","pool","pool","pool","na","na","BatchQC","BalbC_Pool","Mix"
"TRX-TE-MSP-0816","Balb_cJ","Xray","na","na","na","FA1","Blinded","TnE_Phase1b_Blinded_FA1","Male"
"TRX-TE-MSP-0981","Balb_cJ","Xray","na","na","na","FA2","Blinded","TnE_Phase1b_Blinded_FA2","Male"
"TRX-XBC-0009","Balb_cJ","Xray","TBI","6","100","na","Control","Xray_Balb_Control","Female"
"TRX-TE-MSP-0599","Balb_cJ","Xray","TBI","1","108","FA1","Training","TnE_Training_1Gy_FA1","Male"
"TRX-TE-MSP-0841","Balb_cJ","Xray","na","na","na","FA2","Blinded","TnE_Phase1b_Blinded_FA2","Female"
"TRX-XBC-0010","Balb_cJ","Control","na","6","0","na","Control","Xray_Balb_Control","Male"
"TRX-TE-MSP-0717","Balb_cJ","Xray","na","na","na","FA1","Blinded","TnE_Phase1b_Blinded_FA1","Female"
"TRX-TE-MSP-0821","Balb_cJ","Xray","na","na","na","FA1","Blinded","TnE_Phase1b_Blinded_FA1","Male"
"TRX-BCP-0010","Balb_cJ","pool","pool","pool","na","na","BatchQC","BalbC_Pool","Mix"
"TRX-TE-MSP-1036","Balb_cJ","Xray","na","na","na","FA2","Blinded","TnE_Phase1b_Blinded_FA2","Male"
"TRX-TE-MSP-0624","Balb_cJ","Xray","TBI","1","433","FA1","Training","TnE_Training_4Gy_FA1","Male"
"TRX-TE-MSP-0777","Balb_cJ","Xray","na","na","na","FA1","Blinded","TnE_Phase1b_Blinded_FA1","Male"
"TRX-TE-MSP-1006","Balb_cJ","Xray","na","na","na","FA2","Blinded","TnE_Phase1b_Blinded_FA2","Male"
"TRX-DIRP-0071","C57BL6","pool","pool","pool","na","na","BatchRef","Diff_IR_Pelts_Pool","Male"
"TRX-TE-MSP-0988","Balb_cJ","Xray","na","na","na","FA2","Blinded","TnE_Phase1b_Blinded_FA2","Male"
"TRX-TE-MSP-0681","Balb_cJ","Xray","na","na","na","FA1","Blinded","TnE_Phase1b_Blinded_FA1","Female"
"TRX-TE-MSP-0615","Balb_cJ","Xray","TBI","130","108","FA2","Training","TnE_Training_1Gy_FA2","Male"
"TRX-TE-MSP-0907","Balb_cJ","Xray","na","na","na","FA2","Blinded","TnE_Phase1b_Blinded_FA2","Female"
"TRX-TE-MSP-0741","Balb_cJ","Xray","na","na","na","FA1","Blinded","TnE_Phase1b_Blinded_FA1","Female"
"TRX-DIRP-0072","C57BL6","pool","pool","pool","na","na","BatchRef","Diff_IR_Pelts_Pool","Male"
"TRX-TE-MSP-0923","Balb_cJ","Xray","na","na","na","FA2","Blinded","TnE_Phase1b_Blinded_FA2","Female"
"TRX-XBC-0011","Balb_cJ","Xray","TBI","14","200","na","Control","Xray_Balb_Control","Male"
"TRX-TE-MSP-0680","Balb_cJ","Xray","na","na","na","FA1","Blinded","TnE_Phase1b_Blinded_FA1","Female"
"TRX-TE-MSP-0903","Balb_cJ","Xray","na","na","na","FA2","Blinded","TnE_Phase1b_Blinded_FA2","Female"
"TRX-TE-MSP-0579","Balb_cJ","Control","na","6","0","FA1","Training","TnE_Baseline_0Gy_FA1","Male"
"TRX-TE-MSP-0692","Balb_cJ","Xray","na","na","na","FA1","Blinded","TnE_Phase1b_Blinded_FA1","Female"
"TRX-TE-MSP-1002","Balb_cJ","Xray","na","na","na","FA2","Blinded","TnE_Phase1b_Blinded_FA2","Male"
"TRX-BCP-0011","Balb_cJ","pool","pool","pool","na","na","BatchQC","BalbC_Pool","Mix"
"TRX-TE-MSP-0674","Balb_cJ","Xray","na","na","na","FA1","Blinded","TnE_Phase1b_Blinded_FA1","Female"
"TRX-BCP-0012","Balb_cJ","pool","pool","pool","na","na","BatchQC","BalbC_Pool","Mix"
"TRX-TE-MSP-0927","Balb_cJ","Xray","na","na","na","FA2","Blinded","TnE_Phase1b_Blinded_FA2","Female"
"TRX-TE-MSP-0605","Balb_cJ","Xray","TBI","6","108","FA1","Training","TnE_Training_1Gy_FA1","Female"
"TRX-TE-MSP-0703","Balb_cJ","Xray","na","na","na","FA1","Blinded","TnE_Phase1b_Blinded_FA1","Female"
"TRX-DIRP-0073","C57BL6","pool","pool","pool","na","na","BatchRef","Diff_IR_Pelts_Pool","Male"
"TRX-TE-MSP-1023","Balb_cJ","Xray","na","na","na","FA2","Blinded","TnE_Phase1b_Blinded_FA2","Male"
"TRX-XBC-0012","Balb_cJ","Xray","TBI","6","100","na","Control","Xray_Balb_Control","Male"
"TRX-TE-MSP-0888","Balb_cJ","Xray","na","na","na","FA2","Blinded","TnE_Phase1b_Blinded_FA2","Female"
"TRX-TE-MSP-0637","Balb_cJ","Xray","TBI","90","433","FA2","Training","TnE_Training_4Gy_FA2","Female"
"TRX-TE-MSP-0953","Balb_cJ","Xray","na","na","na","FA2","Blinded","TnE_Phase1b_Blinded_FA2","Male"
"TRX-TE-MSP-0664","Balb_cJ","Xray","na","na","na","FA1","Blinded","TnE_Phase1b_Blinded_FA1","Female"
"TRX-XBC-0013","Balb_cJ","Xray","TBI","1","400","na","Control","Xray_Balb_Control","Male"
"TRX-TE-MSP-0633","Balb_cJ","Xray","TBI","14","433","FA1","Training","TnE_Training_4Gy_FA1","Female"
"TRX-TE-MSP-0683","Balb_cJ","Xray","na","na","na","FA1","Blinded","TnE_Phase1b_Blinded_FA1","Female"
"TRX-TE-MSP-0873","Balb_cJ","Xray","na","na","na","FA2","Blinded","TnE_Phase1b_Blinded_FA2","Female"
"TRX-TE-MSP-0766","Balb_cJ","Xray","na","na","na","FA1","Blinded","TnE_Phase1b_Blinded_FA1","Male"
"TRX-TE-MSP-0789","Balb_cJ","Xray","na","na","na","FA1","Blinded","TnE_Phase1b_Blinded_FA1","Male"
"TRX-TE-MSP-0656","Balb_cJ","Xray","na","na","na","FA1","Blinded","TnE_Phase1b_Blinded_FA1","Female"
"TRX-TE-MSP-0849","Balb_cJ","Xray","na","na","na","FA2","Blinded","TnE_Phase1b_Blinded_FA2","Female"
"TRX-BCP-0013","Balb_cJ","pool","pool","pool","na","na","BatchQC","BalbC_Pool","Mix"
"TRX-TE-MSP-0810","Balb_cJ","Xray","na","na","na","FA1","Blinded","TnE_Phase1b_Blinded_FA1","Male"
"TRX-DIRP-0074","C57BL6","pool","pool","pool","na","na","BatchRef","Diff_IR_Pelts_Pool","Male"
"TRX-TE-MSP-0952","Balb_cJ","Xray","na","na","na","FA2","Blinded","TnE_Phase1b_Blinded_FA2","Male"
"TRX-TE-MSP-0799","Balb_cJ","Xray","na","na","na","FA1","Blinded","TnE_Phase1b_Blinded_FA1","Male"
"TRX-TE-MSP-0889","Balb_cJ","Xray","na","na","na","FA2","Blinded","TnE_Phase1b_Blinded_FA2","Female"
"TRX-DIRP-0075","C57BL6","pool","pool","pool","na","na","BatchRef","Diff_IR_Pelts_Pool","Male"
"TRX-TE-MSP-0784","Balb_cJ","Xray","na","na","na","FA1","Blinded","TnE_Phase1b_Blinded_FA1","Male"
"TRX-TE-MSP-0585","Balb_cJ","Control","na","14","0","FA1","Training","TnE_Baseline_0Gy_FA1","Female"
"TRX-TE-MSP-0868","Balb_cJ","Xray","na","na","na","FA2","Blinded","TnE_Phase1b_Blinded_FA2","Female"
"TRX-BCP-0014","Balb_cJ","pool","pool","pool","na","na","BatchQC","BalbC_Pool","Mix"
"TRX-TE-MSP-0986","Balb_cJ","Xray","na","na","na","FA2","Blinded","TnE_Phase1b_Blinded_FA2","Male"
"TRX-TE-MSP-0897","Balb_cJ","Xray","na","na","na","FA2","Blinded","TnE_Phase1b_Blinded_FA2","Female"
"TRX-XBC-0014","Balb_cJ","Control","na","14","0","na","Control","Xray_Balb_Control","Male"
"TRX-TE-MSP-0722","Balb_cJ","Xray","na","na","na","FA1","Blinded","TnE_Phase1b_Blinded_FA1","Female"
"TRX-TE-MSP-0807","Balb_cJ","Xray","na","na","na","FA1","Blinded","TnE_Phase1b_Blinded_FA1","Male"
"TRX-BCP-0015","Balb_cJ","pool","pool","pool","na","na","BatchQC","BalbC_Pool","Mix"
"TRX-TE-MSP-0787","Balb_cJ","Xray","na","na","na","FA1","Blinded","TnE_Phase1b_Blinded_FA1","Male"
"TRX-TE-MSP-0910","Balb_cJ","Xray","na","na","na","FA2","Blinded","TnE_Phase1b_Blinded_FA2","Female"
"TRX-XBC-0015","Balb_cJ","Xray","TBI","6","200","na","Control","Xray_Balb_Control","Female"
"TRX-TE-MSP-0998","Balb_cJ","Xray","na","na","na","FA2","Blinded","TnE_Phase1b_Blinded_FA2","Male"
"TRX-TE-MSP-0837","Balb_cJ","Xray","na","na","na","FA1","Blinded","TnE_Phase1b_Blinded_FA1","Male"
"TRX-TE-MSP-0705","Balb_cJ","Xray","na","na","na","FA1","Blinded","TnE_Phase1b_Blinded_FA1","Female"
"TRX-DIRP-0076","C57BL6","pool","pool","pool","na","na","BatchRef","Diff_IR_Pelts_Pool","Male"
"TRX-TE-MSP-0621","Balb_cJ","Xray","TBI","150","108","FA2","Training","TnE_Training_1Gy_FA2","Female"
"TRX-TE-MSP-0845","Balb_cJ","Xray","na","na","na","FA2","Blinded","TnE_Phase1b_Blinded_FA2","Female"
"TRX-TE-MSP-0970","Balb_cJ","Xray","na","na","na","FA2","Blinded","TnE_Phase1b_Blinded_FA2","Male"
"TRX-TE-MSP-0595","Balb_cJ","Control","na","150","0","FA2","Training","TnE_Baseline_0Gy_FA2","Male"
"TRX-TE-MSP-0800","Balb_cJ","Xray","na","na","na","FA1","Blinded","TnE_Phase1b_Blinded_FA1","Male"
"TRX-TE-MSP-0989","Balb_cJ","Xray","na","na","na","FA2","Blinded","TnE_Phase1b_Blinded_FA2","Male"
"TRX-TE-MSP-0643","Balb_cJ","Xray","TBI","150","433","FA2","Training","TnE_Training_4Gy_FA2","Male"
"TRX-TE-MSP-0993","Balb_cJ","Xray","na","na","na","FA2","Blinded","TnE_Phase1b_Blinded_FA2","Male"
"TRX-DIRP-0077","C57BL6","pool","pool","pool","na","na","BatchRef","Diff_IR_Pelts_Pool","Male"
"TRX-TE-MSP-0746","Balb_cJ","Xray","na","na","na","FA1","Blinded","TnE_Phase1b_Blinded_FA1","Male"
"TRX-XBC-0016","Balb_cJ","Xray","TBI","14","100","na","Control","Xray_Balb_Control","Female"
"TRX-TE-MSP-0786","Balb_cJ","Xray","na","na","na","FA1","Blinded","TnE_Phase1b_Blinded_FA1","Male"
"TRX-TE-MSP-0893","Balb_cJ","Xray","na","na","na","FA2","Blinded","TnE_Phase1b_Blinded_FA2","Female"
"TRX-TE-MSP-0954","Balb_cJ","Xray","na","na","na","FA2","Blinded","TnE_Phase1b_Blinded_FA2","Male"
"TRX-BCP-0016","Balb_cJ","pool","pool","pool","na","na","BatchQC","BalbC_Pool","Mix"
"TRX-TE-MSP-0764","Balb_cJ","Xray","na","na","na","FA1","Blinded","TnE_Phase1b_Blinded_FA1","Male"
"TRX-XBC-0017","Balb_cJ","Xray","TBI","14","400","na","Control","Xray_Balb_Control","Female"
"TRX-TE-MSP-0671","Balb_cJ","Xray","na","na","na","FA1","Blinded","TnE_Phase1b_Blinded_FA1","Female"
"TRX-TE-MSP-0639","Balb_cJ","Xray","TBI","130","433","FA2","Training","TnE_Training_4Gy_FA2","Male"
"TRX-TE-MSP-0930","Balb_cJ","Xray","na","na","na","FA2","Blinded","TnE_Phase1b_Blinded_FA2","Female"
"TRX-TE-MSP-0660","Balb_cJ","Xray","na","na","na","FA1","Blinded","TnE_Phase1b_Blinded_FA1","Female"
"TRX-TE-MSP-0896","Balb_cJ","Xray","na","na","na","FA2","Blinded","TnE_Phase1b_Blinded_FA2","Female"
"TRX-BCP-0017","Balb_cJ","pool","pool","pool","na","na","BatchQC","BalbC_Pool","Mix"
"TRX-TE-MSP-0825","Balb_cJ","Xray","na","na","na","FA1","Blinded","TnE_Phase1b_Blinded_FA1","Male"
"TRX-TE-MSP-0884","Balb_cJ","Xray","na","na","na","FA2","Blinded","TnE_Phase1b_Blinded_FA2","Female"
"TRX-DIRP-0078","C57BL6","pool","pool","pool","na","na","BatchRef","Diff_IR_Pelts_Pool","Male"
"TRX-TE-MSP-0772","Balb_cJ","Xray","na","na","na","FA1","Blinded","TnE_Phase1b_Blinded_FA1","Male"
"TRX-TE-MSP-0843","Balb_cJ","Xray","na","na","na","FA2","Blinded","TnE_Phase1b_Blinded_FA2","Female"
"TRX-TE-MSP-0710","Balb_cJ","Xray","na","na","na","FA1","Blinded","TnE_Phase1b_Blinded_FA1","Female"
"TRX-TE-MSP-0933","Balb_cJ","Xray","na","na","na","FA2","Blinded","TnE_Phase1b_Blinded_FA2","Female"
"TRX-XBC-0049","Balb_cJ","Xray","TBI","1","400","na","Control","Xray_Balb_Control","Male"
"TRX-TE-MSP-0835","Balb_cJ","Xray","na","na","na","FA1","Blinded","TnE_Phase1b_Blinded_FA1","Male"
"TRX-TE-MSP-1042","Balb_cJ","Xray","na","na","na","FA2","Blinded","TnE_Phase1b_Blinded_FA2","Male"
"TRX-DIRP-0079","C57BL6","pool","pool","pool","na","na","BatchRef","Diff_IR_Pelts_Pool","Male"
"TRX-TE-MSP-0742","Balb_cJ","Xray","na","na","na","FA1","Blinded","TnE_Phase1b_Blinded_FA1","Female"
"TRX-XBC-0051","Balb_cJ","Xray","TBI","6","200","na","Control","Xray_Balb_Control","Female"
"TRX-XBC-0018","Balb_cJ","Control","na","14","0","na","Control","Xray_Balb_Control","Female"
"TRX-TE-MSP-0874","Balb_cJ","Xray","na","na","na","FA2","Blinded","TnE_Phase1b_Blinded_FA2","Female"
"TRX-XBC-0053","Balb_cJ","Xray","TBI","6","400","na","Control","Xray_Balb_Control","Female"
"TRX-BCP-0018","Balb_cJ","pool","pool","pool","na","na","BatchQC","BalbC_Pool","Mix"
"TRX-TE-MSP-0611","Balb_cJ","Xray","TBI","90","108","FA2","Training","TnE_Training_1Gy_FA2","Male"
"TRX-TE-MSP-0886","Balb_cJ","Xray","na","na","na","FA2","Blinded","TnE_Phase1b_Blinded_FA2","Female"
"TRX-TE-MSP-0721","Balb_cJ","Xray","na","na","na","FA1","Blinded","TnE_Phase1b_Blinded_FA1","Female"
"TRX-XBC-0019","Balb_cJ","Control","na","14","0","na","Control","Xray_Balb_Control","Female"
"TRX-BCP-0019","Balb_cJ","pool","pool","pool","na","na","BatchQC","BalbC_Pool","Mix"
"TRX-TE-MSP-0723","Balb_cJ","Xray","na","na","na","FA1","Blinded","TnE_Phase1b_Blinded_FA1","Female"
"TRX-TE-MSP-0891","Balb_cJ","Xray","na","na","na","FA2","Blinded","TnE_Phase1b_Blinded_FA2","Female"
"TRX-TE-MSP-0762","Balb_cJ","Xray","na","na","na","FA1","Blinded","TnE_Phase1b_Blinded_FA1","Male"
"TRX-DIRP-0080","C57BL6","pool","pool","pool","na","na","BatchRef","Diff_IR_Pelts_Pool","Male"
"TRX-TE-MSP-0587","Balb_cJ","Control","na","90","0","FA2","Training","TnE_Baseline_0Gy_FA2","Male"
"TRX-TE-MSP-0971","Balb_cJ","Xray","na","na","na","FA2","Blinded","TnE_Phase1b_Blinded_FA2","Male"
"TRX-TE-MSP-0724","Balb_cJ","Xray","na","na","na","FA1","Blinded","TnE_Phase1b_Blinded_FA1","Female"
"TRX-TE-MSP-0697","Balb_cJ","Xray","na","na","na","FA1","Blinded","TnE_Phase1b_Blinded_FA1","Female"
"TRX-XBC-0055","Balb_cJ","Xray","TBI","14","200","na","Control","Xray_Balb_Control","Female"
"TRX-DIRP-0081","C57BL6","pool","pool","pool","na","na","BatchRef","Diff_IR_Pelts_Pool","Male"
"TRX-TE-MSP-0997","Balb_cJ","Xray","na","na","na","FA2","Blinded","TnE_Phase1b_Blinded_FA2","Male"
"TRX-TE-MSP-0757","Balb_cJ","Xray","na","na","na","FA1","Blinded","TnE_Phase1b_Blinded_FA1","Male"
"TRX-TE-MSP-0625","Balb_cJ","Xray","TBI","1","433","FA1","Training","TnE_Training_4Gy_FA1","Female"
"TRX-XBC-0089","Balb_cJ","Control","na","6","0","na","Control","Xray_Balb_Control","Female"
"TRX-TE-MSP-0850","Balb_cJ","Xray","na","na","na","FA2","Blinded","TnE_Phase1b_Blinded_FA2","Female"
"TRX-TE-MSP-0617","Balb_cJ","Xray","TBI","130","108","FA2","Training","TnE_Training_1Gy_FA2","Female"
"TRX-TE-MSP-1031","Balb_cJ","Xray","na","na","na","FA2","Blinded","TnE_Phase1b_Blinded_FA2","Male"
"TRX-XBC-0020","Balb_cJ","Control","na","14","0","na","Control","Xray_Balb_Control","Male"
"TRX-TE-MSP-0776","Balb_cJ","Xray","na","na","na","FA1","Blinded","TnE_Phase1b_Blinded_FA1","Male"
"TRX-TE-MSP-1026","Balb_cJ","Xray","na","na","na","FA2","Blinded","TnE_Phase1b_Blinded_FA2","Male"
"TRX-BCP-0021","Balb_cJ","pool","pool","pool","na","na","BatchQC","BalbC_Pool","Mix"
"TRX-TE-MSP-0870","Balb_cJ","Xray","na","na","na","FA2","Blinded","TnE_Phase1b_Blinded_FA2","Female"
"TRX-TE-MSP-0581","Balb_cJ","Control","na","6","0","FA1","Training","TnE_Baseline_0Gy_FA1","Female"
"TRX-XBC-0021","Balb_cJ","Xray","TBI","6","200","na","Control","Xray_Balb_Control","Male"
"TRX-TE-MSP-0728","Balb_cJ","Xray","na","na","na","FA1","Blinded","TnE_Phase1b_Blinded_FA1","Female"
"TRX-TE-MSP-0914","Balb_cJ","Xray","na","na","na","FA2","Blinded","TnE_Phase1b_Blinded_FA2","Female"
"TRX-DIRP-0082","C57BL6","pool","pool","pool","na","na","BatchRef","Diff_IR_Pelts_Pool","Male"
"TRX-TE-MSP-0700","Balb_cJ","Xray","na","na","na","FA1","Blinded","TnE_Phase1b_Blinded_FA1","Female"
"TRX-TE-MSP-0814","Balb_cJ","Xray","na","na","na","FA1","Blinded","TnE_Phase1b_Blinded_FA1","Male"
"TRX-XBC-0058","Balb_cJ","Xray","TBI","6","100","na","Control","Xray_Balb_Control","Female"
"TRX-TE-MSP-0963","Balb_cJ","Xray","na","na","na","FA2","Blinded","TnE_Phase1b_Blinded_FA2","Male"
"TRX-DIRP-0083","C57BL6","pool","pool","pool","na","na","BatchRef","Diff_IR_Pelts_Pool","Male"
"TRX-TE-MSP-0716","Balb_cJ","Xray","na","na","na","FA1","Blinded","TnE_Phase1b_Blinded_FA1","Female"
"TRX-TE-MSP-0848","Balb_cJ","Xray","na","na","na","FA2","Blinded","TnE_Phase1b_Blinded_FA2","Female"
"TRX-XBC-0081","Balb_cJ","Xray","TBI","1","200","na","Control","Xray_Balb_Control","Female"
"TRX-TE-MSP-0902","Balb_cJ","Xray","na","na","na","FA2","Blinded","TnE_Phase1b_Blinded_FA2","Female"
"TRX-TE-MSP-0744","Balb_cJ","Xray","na","na","na","FA1","Blinded","TnE_Phase1b_Blinded_FA1","Male"
"TRX-XBC-0022","Balb_cJ","Xray","TBI","6","100","na","Control","Xray_Balb_Control","Male"
"TRX-TE-MSP-0948","Balb_cJ","Xray","na","na","na","FA2","Blinded","TnE_Phase1b_Blinded_FA2","Male"
"TRX-TE-MSP-1043","Balb_cJ","Xray","na","na","na","FA2","Blinded","TnE_Phase1b_Blinded_FA2","Male"
"TRX-TE-MSP-0645","Balb_cJ","Xray","TBI","150","433","FA2","Training","TnE_Training_4Gy_FA2","Female"
"TRX-BCP-0022","Balb_cJ","pool","pool","pool","na","na","BatchQC","BalbC_Pool","Mix"
"TRX-TE-MSP-0968","Balb_cJ","Xray","na","na","na","FA2","Blinded","TnE_Phase1b_Blinded_FA2","Male"
"TRX-TE-MSP-0698","Balb_cJ","Xray","na","na","na","FA1","Blinded","TnE_Phase1b_Blinded_FA1","Female"
"TRX-TE-MSP-1007","Balb_cJ","Xray","na","na","na","FA2","Blinded","TnE_Phase1b_Blinded_FA2","Male"
"TRX-TE-MSP-0607","Balb_cJ","Xray","TBI","14","108","FA1","Training","TnE_Training_1Gy_FA1","Male"
"TRX-TE-MSP-0769","Balb_cJ","Xray","na","na","na","FA1","Blinded","TnE_Phase1b_Blinded_FA1","Male"
"TRX-DIRP-0084","C57BL6","pool","pool","pool","na","na","BatchRef","Diff_IR_Pelts_Pool","Male"
"TRX-TE-MSP-0918","Balb_cJ","Xray","na","na","na","FA2","Blinded","TnE_Phase1b_Blinded_FA2","Female"
"TRX-TE-MSP-0833","Balb_cJ","Xray","na","na","na","FA1","Blinded","TnE_Phase1b_Blinded_FA1","Male"
"TRX-TE-MSP-0771","Balb_cJ","Xray","na","na","na","FA1","Blinded","TnE_Phase1b_Blinded_FA1","Male"
"TRX-BCP-0023","Balb_cJ","pool","pool","pool","na","na","BatchQC","BalbC_Pool","Mix"
"TRX-TE-MSP-0871","Balb_cJ","Xray","na","na","na","FA2","Blinded","TnE_Phase1b_Blinded_FA2","Female"
"TRX-TE-MSP-0785","Balb_cJ","Xray","na","na","na","FA1","Blinded","TnE_Phase1b_Blinded_FA1","Male"
"TRX-XBC-0023","Balb_cJ","Xray","TBI","6","400","na","Control","Xray_Balb_Control","Female"
"TRX-TE-MSP-0593","Balb_cJ","Control","na","130","0","FA2","Training","TnE_Baseline_0Gy_FA2","Female"
"TRX-TE-MSP-0958","Balb_cJ","Xray","na","na","na","FA2","Blinded","TnE_Phase1b_Blinded_FA2","Male"
"TRX-XBC-0024","Balb_cJ","Xray","TBI","1","100","na","Control","Xray_Balb_Control","Female"
"TRX-BCP-0024","Balb_cJ","pool","pool","pool","na","na","BatchQC","BalbC_Pool","Mix"
"TRX-TE-MSP-0911","Balb_cJ","Xray","na","na","na","FA2","Blinded","TnE_Phase1b_Blinded_FA2","Female"
"TRX-TE-MSP-0812","Balb_cJ","Xray","na","na","na","FA1","Blinded","TnE_Phase1b_Blinded_FA1","Male"
"TRX-TE-MSP-0687","Balb_cJ","Xray","na","na","na","FA1","Blinded","TnE_Phase1b_Blinded_FA1","Female"
"TRX-XBC-0076","Balb_cJ","Control","na","1","0","na","Control","Xray_Balb_Control","Female"
"TRX-TE-MSP-0987","Balb_cJ","Xray","na","na","na","FA2","Blinded","TnE_Phase1b_Blinded_FA2","Male"
"TRX-TE-MSP-0803","Balb_cJ","Xray","na","na","na","FA1","Blinded","TnE_Phase1b_Blinded_FA1","Male"
"TRX-DIRP-0085","C57BL6","pool","pool","pool","na","na","BatchRef","Diff_IR_Pelts_Pool","Male"
"TRX-TE-MSP-0947","Balb_cJ","Xray","na","na","na","FA2","Blinded","TnE_Phase1b_Blinded_FA2","Male"
"TRX-XBC-0066","Balb_cJ","Xray","TBI","14","400","na","Control","Xray_Balb_Control","Male"
"TRX-TE-MSP-0679","Balb_cJ","Xray","na","na","na","FA1","Blinded","TnE_Phase1b_Blinded_FA1","Female"
"TRX-TE-MSP-0630","Balb_cJ","Xray","TBI","6","433","FA1","Training","TnE_Training_4Gy_FA1","Female"
"TRX-DIRP-0086","C57BL6","pool","pool","pool","na","na","BatchRef","Diff_IR_Pelts_Pool","Male"
"TRX-TE-MSP-0955","Balb_cJ","Xray","na","na","na","FA2","Blinded","TnE_Phase1b_Blinded_FA2","Male"
"TRX-TE-MSP-0578","Balb_cJ","Control","na","1","0","FA1","Training","TnE_Baseline_0Gy_FA1","Female"
"TRX-TE-MSP-0915","Balb_cJ","Xray","na","na","na","FA2","Blinded","TnE_Phase1b_Blinded_FA2","Female"
"TRX-TE-MSP-0701","Balb_cJ","Xray","na","na","na","FA1","Blinded","TnE_Phase1b_Blinded_FA1","Female"
"TRX-XBC-0025","Balb_cJ","Xray","TBI","6","400","na","Control","Xray_Balb_Control","Male"
"TRX-TE-MSP-0662","Balb_cJ","Xray","na","na","na","FA1","Blinded","TnE_Phase1b_Blinded_FA1","Female"
"TRX-TE-MSP-1030","Balb_cJ","Xray","na","na","na","FA2","Blinded","TnE_Phase1b_Blinded_FA2","Male"
"TRX-XBC-0061","Balb_cJ","Control","na","1","0","na","Control","Xray_Balb_Control","Female"
"TRX-DIRP-0087","C57BL6","pool","pool","pool","na","na","BatchRef","Diff_IR_Pelts_Pool","Male"
"TRX-TE-MSP-0690","Balb_cJ","Xray","na","na","na","FA1","Blinded","TnE_Phase1b_Blinded_FA1","Female"
"TRX-BCP-0026","Balb_cJ","pool","pool","pool","na","na","BatchQC","BalbC_Pool","Mix"
"TRX-TE-MSP-0720","Balb_cJ","Xray","na","na","na","FA1","Blinded","TnE_Phase1b_Blinded_FA1","Female"
"TRX-XBC-0026","Balb_cJ","Xray","TBI","1","400","na","Control","Xray_Balb_Control","Female"
"TRX-TE-MSP-1035","Balb_cJ","Xray","na","na","na","FA2","Blinded","TnE_Phase1b_Blinded_FA2","Male"
"TRX-TE-MSP-0775","Balb_cJ","Xray","na","na","na","FA1","Blinded","TnE_Phase1b_Blinded_FA1","Male"
"TRX-TE-MSP-0951","Balb_cJ","Xray","na","na","na","FA2","Blinded","TnE_Phase1b_Blinded_FA2","Male"
"TRX-TE-MSP-1022","Balb_cJ","Xray","na","na","na","FA2","Blinded","TnE_Phase1b_Blinded_FA2","Male"
"TRX-TE-MSP-0614","Balb_cJ","Xray","TBI","90","108","FA2","Training","TnE_Training_1Gy_FA2","Female"
"TRX-TE-MSP-0796","Balb_cJ","Xray","na","na","na","FA1","Blinded","TnE_Phase1b_Blinded_FA1","Male"
"TRX-TE-MSP-0846","Balb_cJ","Xray","na","na","na","FA2","Blinded","TnE_Phase1b_Blinded_FA2","Female"
"TRX-TE-MSP-0819","Balb_cJ","Xray","na","na","na","FA1","Blinded","TnE_Phase1b_Blinded_FA1","Male"
"TRX-XBC-0027","Balb_cJ","Xray","TBI","1","200","na","Control","Xray_Balb_Control","Female"
"TRX-TE-MSP-1012","Balb_cJ","Xray","na","na","na","FA2","Blinded","TnE_Phase1b_Blinded_FA2","Male"
"TRX-XBC-0073","Balb_cJ","Xray","TBI","14","400","na","Control","Xray_Balb_Control","Female"
"TRX-BCP-0027","Balb_cJ","pool","pool","pool","na","na","BatchQC","BalbC_Pool","Mix"
"TRX-TE-MSP-0832","Balb_cJ","Xray","na","na","na","FA1","Blinded","TnE_Phase1b_Blinded_FA1","Male"
"TRX-DIRP-0088","C57BL6","pool","pool","pool","na","na","BatchRef","Diff_IR_Pelts_Pool","Male"
"TRX-XBC-0087","Balb_cJ","Control","na","6","0","na","Control","Xray_Balb_Control","Male"
"TRX-TE-MSP-0685","Balb_cJ","Xray","na","na","na","FA1","Blinded","TnE_Phase1b_Blinded_FA1","Female"
"TRX-TE-MSP-0749","Balb_cJ","Xray","na","na","na","FA1","Blinded","TnE_Phase1b_Blinded_FA1","Male"
"TRX-TE-MSP-0863","Balb_cJ","Xray","na","na","na","FA2","Blinded","TnE_Phase1b_Blinded_FA2","Female"
"TRX-TE-MSP-0851","Balb_cJ","Xray","na","na","na","FA2","Blinded","TnE_Phase1b_Blinded_FA2","Female"
"TRX-TE-MSP-1046","Balb_cJ","Xray","na","na","na","FA2","Blinded","TnE_Phase1b_Blinded_FA2","Male"
"TRX-TE-MSP-0592","Balb_cJ","Control","na","130","0","FA2","Training","TnE_Baseline_0Gy_FA2","Male"
"TRX-TE-MSP-0666","Balb_cJ","Xray","na","na","na","FA1","Blinded","TnE_Phase1b_Blinded_FA1","Female"
"TRX-TE-MSP-0760","Balb_cJ","Xray","na","na","na","FA1","Blinded","TnE_Phase1b_Blinded_FA1","Male"
"TRX-TE-MSP-0600","Balb_cJ","Xray","TBI","1","108","FA1","Training","TnE_Training_1Gy_FA1","Male"
"TRX-TE-MSP-1040","Balb_cJ","Xray","na","na","na","FA2","Blinded","TnE_Phase1b_Blinded_FA2","Male"
"TRX-TE-MSP-0782","Balb_cJ","Xray","na","na","na","FA1","Blinded","TnE_Phase1b_Blinded_FA1","Male"
"TRX-BCP-0028","Balb_cJ","pool","pool","pool","na","na","BatchQC","BalbC_Pool","Mix"
"TRX-TE-MSP-0854","Balb_cJ","Xray","na","na","na","FA2","Blinded","TnE_Phase1b_Blinded_FA2","Female"
"TRX-XBC-0070","Balb_cJ","Control","na","1","0","na","Control","Xray_Balb_Control","Female"
"TRX-DIRP-0089","C57BL6","pool","pool","pool","na","na","BatchRef","Diff_IR_Pelts_Pool","Male"
"TRX-XBC-0028","Balb_cJ","Xray","TBI","14","100","na","Control","Xray_Balb_Control","Male"
"TRX-XBC-0029","Balb_cJ","Xray","TBI","14","100","na","Control","Xray_Balb_Control","Female"
"TRX-TE-MSP-0797","Balb_cJ","Xray","na","na","na","FA1","Blinded","TnE_Phase1b_Blinded_FA1","Male"
"TRX-TE-MSP-0730","Balb_cJ","Xray","na","na","na","FA1","Blinded","TnE_Phase1b_Blinded_FA1","Female"
"TRX-BCP-0029","Balb_cJ","pool","pool","pool","na","na","BatchQC","BalbC_Pool","Mix"
"TRX-TE-MSP-0858","Balb_cJ","Xray","na","na","na","FA2","Blinded","TnE_Phase1b_Blinded_FA2","Female"
"TRX-TE-MSP-0631","Balb_cJ","Xray","TBI","14","433","FA1","Training","TnE_Training_4Gy_FA1","Male"
"TRX-TE-MSP-0881","Balb_cJ","Xray","na","na","na","FA2","Blinded","TnE_Phase1b_Blinded_FA2","Female"
"TRX-TE-MSP-0805","Balb_cJ","Xray","na","na","na","FA1","Blinded","TnE_Phase1b_Blinded_FA1","Male"
"TRX-DIRP-0090","C57BL6","pool","pool","pool","na","na","BatchRef","Diff_IR_Pelts_Pool","Male"
"TRX-TE-MSP-0688","Balb_cJ","Xray","na","na","na","FA1","Blinded","TnE_Phase1b_Blinded_FA1","Female"
"TRX-TE-MSP-1041","Balb_cJ","Xray","na","na","na","FA2","Blinded","TnE_Phase1b_Blinded_FA2","Male"
"TRX-TE-MSP-0938","Balb_cJ","Xray","na","na","na","FA2","Blinded","TnE_Phase1b_Blinded_FA2","Female"
"TRX-TE-MSP-0899","Balb_cJ","Xray","na","na","na","FA2","Blinded","TnE_Phase1b_Blinded_FA2","Female"
"TRX-TE-MSP-1016","Balb_cJ","Xray","na","na","na","FA2","Blinded","TnE_Phase1b_Blinded_FA2","Male"
"TRX-DIRP-0091","C57BL6","pool","pool","pool","na","na","BatchRef","Diff_IR_Pelts_Pool","Male"
"TRX-XBC-0084","Balb_cJ","Xray","TBI","6","100","na","Control","Xray_Balb_Control","Male"
"TRX-TE-MSP-0900","Balb_cJ","Xray","na","na","na","FA2","Blinded","TnE_Phase1b_Blinded_FA2","Female"
"TRX-TE-MSP-0740","Balb_cJ","Xray","na","na","na","FA1","Blinded","TnE_Phase1b_Blinded_FA1","Female"
"TRX-XBC-0082","Balb_cJ","Xray","TBI","1","100","na","Control","Xray_Balb_Control","Female"
"TRX-TE-MSP-0735","Balb_cJ","Xray","na","na","na","FA1","Blinded","TnE_Phase1b_Blinded_FA1","Female"
"TRX-TE-MSP-0956","Balb_cJ","Xray","na","na","na","FA2","Blinded","TnE_Phase1b_Blinded_FA2","Male"
"TRX-BCP-0030","Balb_cJ","pool","pool","pool","na","na","BatchQC","BalbC_Pool","Mix"
"TRX-XBC-0030","Balb_cJ","Xray","TBI","14","200","na","Control","Xray_Balb_Control","Female"
"TRX-TE-MSP-0695","Balb_cJ","Xray","na","na","na","FA1","Blinded","TnE_Phase1b_Blinded_FA1","Female"
"TRX-TE-MSP-0876","Balb_cJ","Xray","na","na","na","FA2","Blinded","TnE_Phase1b_Blinded_FA2","Female"
"TRX-BCP-0031","Balb_cJ","pool","pool","pool","na","na","BatchQC","BalbC_Pool","Mix"
"TRX-TE-MSP-0759","Balb_cJ","Xray","na","na","na","FA1","Blinded","TnE_Phase1b_Blinded_FA1","Male"
"TRX-TE-MSP-0750","Balb_cJ","Xray","na","na","na","FA1","Blinded","TnE_Phase1b_Blinded_FA1","Male"
"TRX-TE-MSP-1034","Balb_cJ","Xray","na","na","na","FA2","Blinded","TnE_Phase1b_Blinded_FA2","Male"
"TRX-XBC-0031","Balb_cJ","Xray","TBI","6","400","na","Control","Xray_Balb_Control","Male"
"TRX-TE-MSP-0668","Balb_cJ","Xray","na","na","na","FA1","Blinded","TnE_Phase1b_Blinded_FA1","Female"
"TRX-DIRP-0092","C57BL6","pool","pool","pool","na","na","BatchRef","Diff_IR_Pelts_Pool","Male"
"TRX-XBC-0074","Balb_cJ","Xray","TBI","6","400","na","Control","Xray_Balb_Control","Male"
"TRX-TE-MSP-0983","Balb_cJ","Xray","na","na","na","FA2","Blinded","TnE_Phase1b_Blinded_FA2","Male"
"TRX-TE-MSP-0661","Balb_cJ","Xray","na","na","na","FA1","Blinded","TnE_Phase1b_Blinded_FA1","Female"
"TRX-TE-MSP-0584","Balb_cJ","Control","na","14","0","FA1","Training","TnE_Baseline_0Gy_FA1","Male"
"TRX-TE-MSP-0606","Balb_cJ","Xray","TBI","6","108","FA1","Training","TnE_Training_1Gy_FA1","Female"
"TRX-TE-MSP-0859","Balb_cJ","Xray","na","na","na","FA2","Blinded","TnE_Phase1b_Blinded_FA2","Female"
"TRX-TE-MSP-0672","Balb_cJ","Xray","na","na","na","FA1","Blinded","TnE_Phase1b_Blinded_FA1","Female"
"TRX-TE-MSP-1015","Balb_cJ","Xray","na","na","na","FA2","Blinded","TnE_Phase1b_Blinded_FA2","Male"
"TRX-DIRP-0093","C57BL6","pool","pool","pool","na","na","BatchRef","Diff_IR_Pelts_Pool","Male"
"TRX-TE-MSP-0992","Balb_cJ","Xray","na","na","na","FA2","Blinded","TnE_Phase1b_Blinded_FA2","Male"
"TRX-BCP-0032","Balb_cJ","pool","pool","pool","na","na","BatchQC","BalbC_Pool","Mix"
"TRX-TE-MSP-0646","Balb_cJ","Xray","TBI","150","433","FA2","Training","TnE_Training_4Gy_FA2","Female"
"TRX-TE-MSP-0729","Balb_cJ","Xray","na","na","na","FA1","Blinded","TnE_Phase1b_Blinded_FA1","Female"
"TRX-XBC-0032","Balb_cJ","Xray","TBI","14","400","na","Control","Xray_Balb_Control","Female"
"TRX-TE-MSP-1021","Balb_cJ","Xray","na","na","na","FA2","Blinded","TnE_Phase1b_Blinded_FA2","Male"
"TRX-TE-MSP-0890","Balb_cJ","Xray","na","na","na","FA2","Blinded","TnE_Phase1b_Blinded_FA2","Female"
"TRX-BCP-0033","Balb_cJ","pool","pool","pool","na","na","BatchQC","BalbC_Pool","Mix"
"TRX-TE-MSP-0765","Balb_cJ","Xray","na","na","na","FA1","Blinded","TnE_Phase1b_Blinded_FA1","Male"
"TRX-TE-MSP-1013","Balb_cJ","Xray","na","na","na","FA2","Blinded","TnE_Phase1b_Blinded_FA2","Male"
"TRX-XBC-0033","Balb_cJ","Xray","TBI","14","100","na","Control","Xray_Balb_Control","Male"
"TRX-TE-MSP-0838","Balb_cJ","Xray","na","na","na","FA1","Blinded","TnE_Phase1b_Blinded_FA1","Male"
"TRX-DIRP-0094","C57BL6","pool","pool","pool","na","na","BatchRef","Diff_IR_Pelts_Pool","Male"
"TRX-TE-MSP-0919","Balb_cJ","Xray","na","na","na","FA2","Blinded","TnE_Phase1b_Blinded_FA2","Female"
"TRX-TE-MSP-0590","Balb_cJ","Control","na","90","0","FA2","Training","TnE_Baseline_0Gy_FA2","Female"
"TRX-TE-MSP-0708","Balb_cJ","Xray","na","na","na","FA1","Blinded","TnE_Phase1b_Blinded_FA1","Female"
"TRX-TE-MSP-0628","Balb_cJ","Xray","TBI","6","433","FA1","Training","TnE_Training_4Gy_FA1","Male"
"TRX-TE-MSP-0790","Balb_cJ","Xray","na","na","na","FA1","Blinded","TnE_Phase1b_Blinded_FA1","Male"
"TRX-TE-MSP-0940","Balb_cJ","Xray","na","na","na","FA2","Blinded","TnE_Phase1b_Blinded_FA2","Female"
"TRX-XBC-0063","Balb_cJ","Xray","TBI","6","200","na","Control","Xray_Balb_Control","Male"
"TRX-DIRP-0095","C57BL6","pool","pool","pool","na","na","BatchRef","Diff_IR_Pelts_Pool","Male"
"TRX-TE-MSP-0839","Balb_cJ","Xray","na","na","na","FA2","Blinded","TnE_Phase1b_Blinded_FA2","Female"
"TRX-TE-MSP-0770","Balb_cJ","Xray","na","na","na","FA1","Blinded","TnE_Phase1b_Blinded_FA1","Male"
"TRX-XBC-0068","Balb_cJ","Xray","TBI","6","200","na","Control","Xray_Balb_Control","Female"
"TRX-TE-MSP-0978","Balb_cJ","Xray","na","na","na","FA2","Blinded","TnE_Phase1b_Blinded_FA2","Male"
"TRX-TE-MSP-0801","Balb_cJ","Xray","na","na","na","FA1","Blinded","TnE_Phase1b_Blinded_FA1","Male"
"TRX-TE-MSP-1014","Balb_cJ","Xray","na","na","na","FA2","Blinded","TnE_Phase1b_Blinded_FA2","Male"
"TRX-BCP-0034","Balb_cJ","pool","pool","pool","na","na","BatchQC","BalbC_Pool","Mix"
"TRX-TE-MSP-0709","Balb_cJ","Xray","na","na","na","FA1","Blinded","TnE_Phase1b_Blinded_FA1","Female"
"TRX-XBC-0034","Balb_cJ","Xray","TBI","6","100","na","Control","Xray_Balb_Control","Female"
"TRX-TE-MSP-1027","Balb_cJ","Xray","na","na","na","FA2","Blinded","TnE_Phase1b_Blinded_FA2","Male"
"TRX-TE-MSP-0999","Balb_cJ","Xray","na","na","na","FA2","Blinded","TnE_Phase1b_Blinded_FA2","Male"
"TRX-TE-MSP-0894","Balb_cJ","Xray","na","na","na","FA2","Blinded","TnE_Phase1b_Blinded_FA2","Female"
"TRX-BCP-0035","Balb_cJ","pool","pool","pool","na","na","BatchQC","BalbC_Pool","Mix"
"TRX-TE-MSP-0612","Balb_cJ","Xray","TBI","90","108","FA2","Training","TnE_Training_1Gy_FA2","Male"
"TRX-TE-MSP-0751","Balb_cJ","Xray","na","na","na","FA1","Blinded","TnE_Phase1b_Blinded_FA1","Male"
"TRX-XBC-0064","Balb_cJ","Xray","TBI","1","200","na","Control","Xray_Balb_Control","Female"
"TRX-XBC-0035","Balb_cJ","Xray","TBI","1","200","na","Control","Xray_Balb_Control","Male"
"TRX-TE-MSP-0702","Balb_cJ","Xray","na","na","na","FA1","Blinded","TnE_Phase1b_Blinded_FA1","Female"
"TRX-TE-MSP-0934","Balb_cJ","Xray","na","na","na","FA2","Blinded","TnE_Phase1b_Blinded_FA2","Female"
"TRX-TE-MSP-0802","Balb_cJ","Xray","na","na","na","FA1","Blinded","TnE_Phase1b_Blinded_FA1","Male"
"TRX-TE-MSP-1044","Balb_cJ","Xray","na","na","na","FA2","Blinded","TnE_Phase1b_Blinded_FA2","Male"
"TRX-DIRP-0096","C57BL6","pool","pool","pool","na","na","BatchRef","Diff_IR_Pelts_Pool","Male"
"TRX-XBC-0036","Balb_cJ","Control","na","1","0","na","Control","Xray_Balb_Control","Male"
"TRX-TE-MSP-0602","Balb_cJ","Xray","TBI","1","108","FA1","Training","TnE_Training_1Gy_FA1","Female"
"TRX-TE-MSP-0794","Balb_cJ","Xray","na","na","na","FA1","Blinded","TnE_Phase1b_Blinded_FA1","Male"
"TRX-TE-MSP-0747","Balb_cJ","Xray","na","na","na","FA1","Blinded","TnE_Phase1b_Blinded_FA1","Male"
"TRX-TE-MSP-0994","Balb_cJ","Xray","na","na","na","FA2","Blinded","TnE_Phase1b_Blinded_FA2","Male"
"TRX-TE-MSP-0763","Balb_cJ","Xray","na","na","na","FA1","Blinded","TnE_Phase1b_Blinded_FA1","Male"
"TRX-TE-MSP-0804","Balb_cJ","Xray","na","na","na","FA1","Blinded","TnE_Phase1b_Blinded_FA1","Male"
"TRX-DIRP-0097","C57BL6","pool","pool","pool","na","na","BatchRef","Diff_IR_Pelts_Pool","Male"
"TRX-TE-MSP-0913","Balb_cJ","Xray","na","na","na","FA2","Blinded","TnE_Phase1b_Blinded_FA2","Female"
"TRX-XBC-0078","Balb_cJ","Xray","TBI","1","400","na","Control","Xray_Balb_Control","Female"
"TRX-BCP-0036","Balb_cJ","pool","pool","pool","na","na","BatchQC","BalbC_Pool","Mix"
"TRX-TE-MSP-0828","Balb_cJ","Xray","na","na","na","FA1","Blinded","TnE_Phase1b_Blinded_FA1","Male"
"TRX-TE-MSP-0634","Balb_cJ","Xray","TBI","14","433","FA1","Training","TnE_Training_4Gy_FA1","Female"
"TRX-TE-MSP-0928","Balb_cJ","Xray","na","na","na","FA2","Blinded","TnE_Phase1b_Blinded_FA2","Female"
"TRX-TE-MSP-0596","Balb_cJ","Control","na","150","0","FA2","Training","TnE_Baseline_0Gy_FA2","Male"
"TRX-DIRP-0098","C57BL6","pool","pool","pool","na","na","BatchRef","Diff_IR_Pelts_Pool","Male"
"TRX-BCP-0037","Balb_cJ","pool","pool","pool","na","na","BatchQC","BalbC_Pool","Mix"
"TRX-XBC-0088","Balb_cJ","Xray","TBI","6","400","na","Control","Xray_Balb_Control","Male"
"TRX-TE-MSP-0984","Balb_cJ","Xray","na","na","na","FA2","Blinded","TnE_Phase1b_Blinded_FA2","Male"
"TRX-TE-MSP-0715","Balb_cJ","Xray","na","na","na","FA1","Blinded","TnE_Phase1b_Blinded_FA1","Female"
"TRX-XBC-0037","Balb_cJ","Control","na","14","0","na","Control","Xray_Balb_Control","Female"
"TRX-TE-MSP-0909","Balb_cJ","Xray","na","na","na","FA2","Blinded","TnE_Phase1b_Blinded_FA2","Female"
"TRX-TE-MSP-0818","Balb_cJ","Xray","na","na","na","FA1","Blinded","TnE_Phase1b_Blinded_FA1","Male"
"TRX-TE-MSP-0820","Balb_cJ","Xray","na","na","na","FA1","Blinded","TnE_Phase1b_Blinded_FA1","Male"
"TRX-TE-MSP-0921","Balb_cJ","Xray","na","na","na","FA2","Blinded","TnE_Phase1b_Blinded_FA2","Female"
"TRX-BCP-0038","Balb_cJ","pool","pool","pool","na","na","BatchQC","BalbC_Pool","Mix"
"TRX-TE-MSP-0864","Balb_cJ","Xray","na","na","na","FA2","Blinded","TnE_Phase1b_Blinded_FA2","Female"
"TRX-TE-MSP-0929","Balb_cJ","Xray","na","na","na","FA2","Blinded","TnE_Phase1b_Blinded_FA2","Female"
"TRX-XBC-0038","Balb_cJ","Xray","TBI","14","400","na","Control","Xray_Balb_Control","Male"
"TRX-TE-MSP-0647","Balb_cJ","Xray","na","na","na","FA1","Blinded","TnE_Phase1b_Blinded_FA1","Female"
"TRX-TE-MSP-0608","Balb_cJ","Xray","TBI","14","108","FA1","Training","TnE_Training_1Gy_FA1","Male"
"TRX-TE-MSP-0875","Balb_cJ","Xray","na","na","na","FA2","Blinded","TnE_Phase1b_Blinded_FA2","Female"
"TRX-TE-MSP-0644","Balb_cJ","Xray","TBI","150","433","FA2","Training","TnE_Training_4Gy_FA2","Male"
"TRX-DIRP-0099","C57BL6","pool","pool","pool","na","na","BatchRef","Diff_IR_Pelts_Pool","Male"
"TRX-TE-MSP-0847","Balb_cJ","Xray","na","na","na","FA2","Blinded","TnE_Phase1b_Blinded_FA2","Female"
"TRX-XBC-0057","Balb_cJ","Control","na","6","0","na","Control","Xray_Balb_Control","Female"
"TRX-DIRP-0100","C57BL6","pool","pool","pool","na","na","BatchRef","Diff_IR_Pelts_Pool","Male"
"TRX-TE-MSP-0852","Balb_cJ","Xray","na","na","na","FA2","Blinded","TnE_Phase1b_Blinded_FA2","Female"
"TRX-TE-MSP-0779","Balb_cJ","Xray","na","na","na","FA1","Blinded","TnE_Phase1b_Blinded_FA1","Male"
"TRX-TE-MSP-0712","Balb_cJ","Xray","na","na","na","FA1","Blinded","TnE_Phase1b_Blinded_FA1","Female"
"TRX-TE-MSP-0686","Balb_cJ","Xray","na","na","na","FA1","Blinded","TnE_Phase1b_Blinded_FA1","Female"
"TRX-BCP-0039","Balb_cJ","pool","pool","pool","na","na","BatchQC","BalbC_Pool","Mix"
"TRX-TE-MSP-0866","Balb_cJ","Xray","na","na","na","FA2","Blinded","TnE_Phase1b_Blinded_FA2","Female"
"TRX-XBC-0039","Balb_cJ","Xray","TBI","6","100","na","Control","Xray_Balb_Control","Male"
"TRX-TE-MSP-0793","Balb_cJ","Xray","na","na","na","FA1","Blinded","TnE_Phase1b_Blinded_FA1","Male"
"TRX-TE-MSP-0917","Balb_cJ","Xray","na","na","na","FA2","Blinded","TnE_Phase1b_Blinded_FA2","Female"
"TRX-TE-MSP-0586","Balb_cJ","Control","na","14","0","FA1","Training","TnE_Baseline_0Gy_FA1","Female"
"TRX-TE-MSP-0950","Balb_cJ","Xray","na","na","na","FA2","Blinded","TnE_Phase1b_Blinded_FA2","Male"
"TRX-TE-MSP-0792","Balb_cJ","Xray","na","na","na","FA1","Blinded","TnE_Phase1b_Blinded_FA1","Male"
"TRX-TE-MSP-1028","Balb_cJ","Xray","na","na","na","FA2","Blinded","TnE_Phase1b_Blinded_FA2","Male"
"TRX-XBC-0040","Balb_cJ","Control","na","1","0","na","Control","Xray_Balb_Control","Male"
"TRX-TE-MSP-0653","Balb_cJ","Xray","na","na","na","FA1","Blinded","TnE_Phase1b_Blinded_FA1","Female"
"TRX-TE-MSP-0887","Balb_cJ","Xray","na","na","na","FA2","Blinded","TnE_Phase1b_Blinded_FA2","Female"
"TRX-TE-MSP-0670","Balb_cJ","Xray","na","na","na","FA1","Blinded","TnE_Phase1b_Blinded_FA1","Female"
"TRX-XBC-0059","Balb_cJ","Control","na","6","0","na","Control","Xray_Balb_Control","Female"
"TRX-TE-MSP-0972","Balb_cJ","Xray","na","na","na","FA2","Blinded","TnE_Phase1b_Blinded_FA2","Male"
"TRX-TE-MSP-0711","Balb_cJ","Xray","na","na","na","FA1","Blinded","TnE_Phase1b_Blinded_FA1","Female"
"TRX-BCP-0040","Balb_cJ","pool","pool","pool","na","na","BatchQC","BalbC_Pool","Mix"
"TRX-TE-MSP-0892","Balb_cJ","Xray","na","na","na","FA2","Blinded","TnE_Phase1b_Blinded_FA2","Female"
"TRX-TE-MSP-0618","Balb_cJ","Xray","TBI","130","108","FA2","Training","TnE_Training_1Gy_FA2","Female"
"TRX-TE-MSP-0996","Balb_cJ","Xray","na","na","na","FA2","Blinded","TnE_Phase1b_Blinded_FA2","Male"
"TRX-DIRP-0102","C57BL6","pool","pool","pool","na","na","BatchRef","Diff_IR_Pelts_Pool","Male"
"TRX-XBC-0050","Balb_cJ","Xray","TBI","14","200","na","Control","Xray_Balb_Control","Male"
"TRX-TE-MSP-0648","Balb_cJ","Xray","na","na","na","FA1","Blinded","TnE_Phase1b_Blinded_FA1","Female"
"TRX-TE-MSP-0991","Balb_cJ","Xray","na","na","na","FA2","Blinded","TnE_Phase1b_Blinded_FA2","Male"
"TRX-TE-MSP-0638","Balb_cJ","Xray","TBI","90","433","FA2","Training","TnE_Training_4Gy_FA2","Female"
"TRX-TE-MSP-1001","Balb_cJ","Xray","na","na","na","FA2","Blinded","TnE_Phase1b_Blinded_FA2","Male"
"TRX-BCP-0041","Balb_cJ","pool","pool","pool","na","na","BatchQC","BalbC_Pool","Mix"
"TRX-TE-MSP-0659","Balb_cJ","Xray","na","na","na","FA1","Blinded","TnE_Phase1b_Blinded_FA1","Female"
"TRX-XBC-0041","Balb_cJ","Xray","TBI","1","200","na","Control","Xray_Balb_Control","Male"
"TRX-TE-MSP-1018","Balb_cJ","Xray","na","na","na","FA2","Blinded","TnE_Phase1b_Blinded_FA2","Male"
"TRX-TE-MSP-1024","Balb_cJ","Xray","na","na","na","FA2","Blinded","TnE_Phase1b_Blinded_FA2","Male"
"TRX-TE-MSP-0655","Balb_cJ","Xray","na","na","na","FA1","Blinded","TnE_Phase1b_Blinded_FA1","Female"
"TRX-TE-MSP-0576","Balb_cJ","Control","na","1","0","FA1","Training","TnE_Baseline_0Gy_FA1","Male"
"TRX-TE-MSP-0734","Balb_cJ","Xray","na","na","na","FA1","Blinded","TnE_Phase1b_Blinded_FA1","Female"
"TRX-XBC-0042","Balb_cJ","Control","na","1","0","na","Control","Xray_Balb_Control","Female"
"TRX-BCP-0042","Balb_cJ","pool","pool","pool","na","na","BatchQC","BalbC_Pool","Mix"
"TRX-TE-MSP-0651","Balb_cJ","Xray","na","na","na","FA1","Blinded","TnE_Phase1b_Blinded_FA1","Female"
"TRX-XBC-0080","Balb_cJ","Xray","TBI","14","400","na","Control","Xray_Balb_Control","Male"
"TRX-TE-MSP-1039","Balb_cJ","Xray","na","na","na","FA2","Blinded","TnE_Phase1b_Blinded_FA2","Male"
"TRX-TE-MSP-0588","Balb_cJ","Control","na","90","0","FA2","Training","TnE_Baseline_0Gy_FA2","Male"
"TRX-TE-MSP-0649","Balb_cJ","Xray","na","na","na","FA1","Blinded","TnE_Phase1b_Blinded_FA1","Female"
"TRX-TE-MSP-0975","Balb_cJ","Xray","na","na","na","FA2","Blinded","TnE_Phase1b_Blinded_FA2","Male"
"TRX-TE-MSP-0745","Balb_cJ","Xray","na","na","na","FA1","Blinded","TnE_Phase1b_Blinded_FA1","Male"
"TRX-BCP-0043","Balb_cJ","pool","pool","pool","na","na","BatchQC","BalbC_Pool","Mix"
"TRX-TE-MSP-0867","Balb_cJ","Xray","na","na","na","FA2","Blinded","TnE_Phase1b_Blinded_FA2","Female"
"TRX-DIRP-0104","C57BL6","pool","pool","pool","na","na","BatchRef","Diff_IR_Pelts_Pool","Male"
"TRX-TE-MSP-0966","Balb_cJ","Xray","na","na","na","FA2","Blinded","TnE_Phase1b_Blinded_FA2","Male"
"TRX-TE-MSP-0733","Balb_cJ","Xray","na","na","na","FA1","Blinded","TnE_Phase1b_Blinded_FA1","Female"
"TRX-TE-MSP-0932","Balb_cJ","Xray","na","na","na","FA2","Blinded","TnE_Phase1b_Blinded_FA2","Female"
"TRX-TE-MSP-0826","Balb_cJ","Xray","na","na","na","FA1","Blinded","TnE_Phase1b_Blinded_FA1","Male"
"TRX-TE-MSP-0944","Balb_cJ","Xray","na","na","na","FA2","Blinded","TnE_Phase1b_Blinded_FA2","Male"
"TRX-TE-MSP-0774","Balb_cJ","Xray","na","na","na","FA1","Blinded","TnE_Phase1b_Blinded_FA1","Male"
"TRX-TE-MSP-1017","Balb_cJ","Xray","na","na","na","FA2","Blinded","TnE_Phase1b_Blinded_FA2","Male"
"TRX-TE-MSP-0604","Balb_cJ","Xray","TBI","6","108","FA1","Training","TnE_Training_1Gy_FA1","Male"
"TRX-XBC-0043","Balb_cJ","Xray","TBI","14","400","na","Control","Xray_Balb_Control","Male"
"TRX-TE-MSP-0616","Balb_cJ","Xray","TBI","130","108","FA2","Training","TnE_Training_1Gy_FA2","Male"
"TRX-XBC-0044","Balb_cJ","Xray","TBI","1","200","na","Control","Xray_Balb_Control","Male"
"TRX-TE-MSP-0658","Balb_cJ","Xray","na","na","na","FA1","Blinded","TnE_Phase1b_Blinded_FA1","Female"
"TRX-TE-MSP-0853","Balb_cJ","Xray","na","na","na","FA2","Blinded","TnE_Phase1b_Blinded_FA2","Female"
"TRX-TE-MSP-0905","Balb_cJ","Xray","na","na","na","FA2","Blinded","TnE_Phase1b_Blinded_FA2","Female"
"TRX-DIRP-0105","C57BL6","pool","pool","pool","na","na","BatchRef","Diff_IR_Pelts_Pool","Male"
"TRX-TE-MSP-0748","Balb_cJ","Xray","na","na","na","FA1","Blinded","TnE_Phase1b_Blinded_FA1","Male"
"TRX-XBC-0071","Balb_cJ","Xray","TBI","14","100","na","Control","Xray_Balb_Control","Male"
"TRX-TE-MSP-0626","Balb_cJ","Xray","TBI","1","433","FA1","Training","TnE_Training_4Gy_FA1","Female"
"TRX-BCP-0044","Balb_cJ","pool","pool","pool","na","na","BatchQC","BalbC_Pool","Mix"
"TRX-XBC-0092","Balb_cJ","Xray","TBI","14","400","na","Control","Xray_Balb_Control","Female"
"TRX-TE-MSP-0877","Balb_cJ","Xray","na","na","na","FA2","Blinded","TnE_Phase1b_Blinded_FA2","Female"
"TRX-TE-MSP-0652","Balb_cJ","Xray","na","na","na","FA1","Blinded","TnE_Phase1b_Blinded_FA1","Female"
"TRX-BCP-0045","Balb_cJ","pool","pool","pool","na","na","BatchQC","BalbC_Pool","Mix"
"TRX-TE-MSP-0931","Balb_cJ","Xray","na","na","na","FA2","Blinded","TnE_Phase1b_Blinded_FA2","Female"
"TRX-XBC-0083","Balb_cJ","Xray","TBI","14","200","na","Control","Xray_Balb_Control","Male"
"TRX-TE-MSP-0743","Balb_cJ","Xray","na","na","na","FA1","Blinded","TnE_Phase1b_Blinded_FA1","Male"
"TRX-TE-MSP-0823","Balb_cJ","Xray","na","na","na","FA1","Blinded","TnE_Phase1b_Blinded_FA1","Male"
"TRX-TE-MSP-0898","Balb_cJ","Xray","na","na","na","FA2","Blinded","TnE_Phase1b_Blinded_FA2","Female"
"TRX-TE-MSP-0879","Balb_cJ","Xray","na","na","na","FA2","Blinded","TnE_Phase1b_Blinded_FA2","Female"
"TRX-XBC-0045","Balb_cJ","Xray","TBI","14","200","na","Control","Xray_Balb_Control","Female"
"TRX-TE-MSP-0677","Balb_cJ","Xray","na","na","na","FA1","Blinded","TnE_Phase1b_Blinded_FA1","Female"
"TRX-TE-MSP-0834","Balb_cJ","Xray","na","na","na","FA1","Blinded","TnE_Phase1b_Blinded_FA1","Male"
"TRX-DIRP-0106","C57BL6","pool","pool","pool","na","na","BatchRef","Diff_IR_Pelts_Pool","Male"
"TRX-TE-MSP-1029","Balb_cJ","Xray","na","na","na","FA2","Blinded","TnE_Phase1b_Blinded_FA2","Male"
"TRX-TE-MSP-0949","Balb_cJ","Xray","na","na","na","FA2","Blinded","TnE_Phase1b_Blinded_FA2","Male"
"TRX-TE-MSP-0640","Balb_cJ","Xray","TBI","130","433","FA2","Training","TnE_Training_4Gy_FA2","Male"
"TRX-TE-MSP-0713","Balb_cJ","Xray","na","na","na","FA1","Blinded","TnE_Phase1b_Blinded_FA1","Female"
"TRX-DIRP-0107","C57BL6","pool","pool","pool","na","na","BatchRef","Diff_IR_Pelts_Pool","Male"
"TRX-TE-MSP-0880","Balb_cJ","Xray","na","na","na","FA2","Blinded","TnE_Phase1b_Blinded_FA2","Female"
"TRX-BCP-0046","Balb_cJ","pool","pool","pool","na","na","BatchQC","BalbC_Pool","Mix"
"TRX-TE-MSP-0582","Balb_cJ","Control","na","6","0","FA1","Training","TnE_Baseline_0Gy_FA1","Female"
"TRX-TE-MSP-0791","Balb_cJ","Xray","na","na","na","FA1","Blinded","TnE_Phase1b_Blinded_FA1","Male"
"TRX-TE-MSP-0860","Balb_cJ","Xray","na","na","na","FA2","Blinded","TnE_Phase1b_Blinded_FA2","Female"
"TRX-XBC-0046","Balb_cJ","Xray","TBI","6","400","na","Control","Xray_Balb_Control","Female"
"TRX-TE-MSP-0822","Balb_cJ","Xray","na","na","na","FA1","Blinded","TnE_Phase1b_Blinded_FA1","Male"
"TRX-TE-MSP-1009","Balb_cJ","Xray","na","na","na","FA2","Blinded","TnE_Phase1b_Blinded_FA2","Male"
"TRX-TE-MSP-0654","Balb_cJ","Xray","na","na","na","FA1","Blinded","TnE_Phase1b_Blinded_FA1","Female"
"TRX-TE-MSP-0795","Balb_cJ","Xray","na","na","na","FA1","Blinded","TnE_Phase1b_Blinded_FA1","Male"
"TRX-BCP-0047","Balb_cJ","pool","pool","pool","na","na","BatchQC","BalbC_Pool","Mix"
"TRX-XBC-0085","Balb_cJ","Xray","TBI","6","200","na","Control","Xray_Balb_Control","Female"
"TRX-TE-MSP-0857","Balb_cJ","Xray","na","na","na","FA2","Blinded","TnE_Phase1b_Blinded_FA2","Female"
"TRX-TE-MSP-0684","Balb_cJ","Xray","na","na","na","FA1","Blinded","TnE_Phase1b_Blinded_FA1","Female"
"TRX-XBC-0047","Balb_cJ","Xray","TBI","14","100","na","Control","Xray_Balb_Control","Female"
"TRX-DIRP-0108","C57BL6","pool","pool","pool","na","na","BatchRef","Diff_IR_Pelts_Pool","Male"
"TRX-TE-MSP-0806","Balb_cJ","Xray","na","na","na","FA1","Blinded","TnE_Phase1b_Blinded_FA1","Male"
"TRX-TE-MSP-1005","Balb_cJ","Xray","na","na","na","FA2","Blinded","TnE_Phase1b_Blinded_FA2","Male"
"TRX-TE-MSP-0694","Balb_cJ","Xray","na","na","na","FA1","Blinded","TnE_Phase1b_Blinded_FA1","Female"
"TRX-DIRP-0109","C57BL6","pool","pool","pool","na","na","BatchRef","Diff_IR_Pelts_Pool","Male"
"TRX-TE-MSP-0982","Balb_cJ","Xray","na","na","na","FA2","Blinded","TnE_Phase1b_Blinded_FA2","Male"
"TRX-XBC-0048","Balb_cJ","Control","na","1","0","na","Control","Xray_Balb_Control","Male"
"TRX-TE-MSP-0977","Balb_cJ","Xray","na","na","na","FA2","Blinded","TnE_Phase1b_Blinded_FA2","Male"
"TRX-TE-MSP-0667","Balb_cJ","Xray","na","na","na","FA1","Blinded","TnE_Phase1b_Blinded_FA1","Female"
"TRX-TE-MSP-0908","Balb_cJ","Xray","na","na","na","FA2","Blinded","TnE_Phase1b_Blinded_FA2","Female"
"TRX-TE-MSP-0632","Balb_cJ","Xray","TBI","14","433","FA1","Training","TnE_Training_4Gy_FA1","Male"
"TRX-TE-MSP-0895","Balb_cJ","Xray","na","na","na","FA2","Blinded","TnE_Phase1b_Blinded_FA2","Female"
"TRX-TE-MSP-0704","Balb_cJ","Xray","na","na","na","FA1","Blinded","TnE_Phase1b_Blinded_FA1","Female"
"TRX-XBC-0060","Balb_cJ","Control","na","6","0","na","Control","Xray_Balb_Control","Male"
"TRX-TE-MSP-0943","Balb_cJ","Xray","na","na","na","FA2","Blinded","TnE_Phase1b_Blinded_FA2","Male"
"TRX-BCP-0048","Balb_cJ","pool","pool","pool","na","na","BatchQC","BalbC_Pool","Mix"
"TRX-TE-MSP-0990","Balb_cJ","Xray","na","na","na","FA2","Blinded","TnE_Phase1b_Blinded_FA2","Male"
"TRX-TE-MSP-0726","Balb_cJ","Xray","na","na","na","FA1","Blinded","TnE_Phase1b_Blinded_FA1","Female"
"TRX-TE-MSP-0696","Balb_cJ","Xray","na","na","na","FA1","Blinded","TnE_Phase1b_Blinded_FA1","Female"
"TRX-TE-MSP-0885","Balb_cJ","Xray","na","na","na","FA2","Blinded","TnE_Phase1b_Blinded_FA2","Female"
"TRX-TE-MSP-0575","Balb_cJ","Control","na","1","0","FA1","Training","TnE_Baseline_0Gy_FA1","Male"
"TRX-DIRP-0110","C57BL6","pool","pool","pool","na","na","BatchRef","Diff_IR_Pelts_Pool","Male"
"TRX-TE-MSP-0827","Balb_cJ","Xray","na","na","na","FA1","Blinded","TnE_Phase1b_Blinded_FA1","Male"
"TRX-XBC-0052","Balb_cJ","Xray","TBI","1","100","na","Control","Xray_Balb_Control","Female"
"TRX-TE-MSP-0980","Balb_cJ","Xray","na","na","na","FA2","Blinded","TnE_Phase1b_Blinded_FA2","Male"
"TRX-BCP-0049","Balb_cJ","pool","pool","pool","na","na","BatchQC","BalbC_Pool","Mix"
"TRX-TE-MSP-0669","Balb_cJ","Xray","na","na","na","FA1","Blinded","TnE_Phase1b_Blinded_FA1","Female"
"TRX-TE-MSP-0755","Balb_cJ","Xray","na","na","na","FA1","Blinded","TnE_Phase1b_Blinded_FA1","Male"
"TRX-TE-MSP-0967","Balb_cJ","Xray","na","na","na","FA2","Blinded","TnE_Phase1b_Blinded_FA2","Male"
"TRX-XBC-0054","Balb_cJ","Xray","TBI","14","100","na","Control","Xray_Balb_Control","Male"
"TRX-TE-MSP-1000","Balb_cJ","Xray","na","na","na","FA2","Blinded","TnE_Phase1b_Blinded_FA2","Male"
"TRX-TE-MSP-0862","Balb_cJ","Xray","na","na","na","FA2","Blinded","TnE_Phase1b_Blinded_FA2","Female"
"TRX-TE-MSP-0768","Balb_cJ","Xray","na","na","na","FA1","Blinded","TnE_Phase1b_Blinded_FA1","Male"
"TRX-XBC-0056","Balb_cJ","Control","na","14","0","na","Control","Xray_Balb_Control","Male"
"TRX-BCP-0050","Balb_cJ","pool","pool","pool","na","na","BatchQC","BalbC_Pool","Mix"
"TRX-TE-MSP-0883","Balb_cJ","Xray","na","na","na","FA2","Blinded","TnE_Phase1b_Blinded_FA2","Female"
"TRX-TE-MSP-0693","Balb_cJ","Xray","na","na","na","FA1","Blinded","TnE_Phase1b_Blinded_FA1","Female"
"TRX-TE-MSP-0601","Balb_cJ","Xray","TBI","1","108","FA1","Training","TnE_Training_1Gy_FA1","Female"
"TRX-TE-MSP-0856","Balb_cJ","Xray","na","na","na","FA2","Blinded","TnE_Phase1b_Blinded_FA2","Female"
"TRX-DIRP-0101","C57BL6","pool","pool","pool","na","na","BatchRef","Diff_IR_Pelts_Pool","Male"
"TRX-TE-MSP-0622","Balb_cJ","Xray","TBI","150","108","FA2","Training","TnE_Training_1Gy_FA2","Female"
"TRX-TE-MSP-0736","Balb_cJ","Xray","na","na","na","FA1","Blinded","TnE_Phase1b_Blinded_FA1","Female"
"TRX-BCP-0025","Balb_cJ","pool","pool","pool","na","na","BatchQC","BalbC_Pool","Mix"
"TRX-TE-MSP-0758","Balb_cJ","Xray","na","na","na","FA1","Blinded","TnE_Phase1b_Blinded_FA1","Male"
"TRX-XBC-0062","Balb_cJ","Xray","TBI","1","400","na","Control","Xray_Balb_Control","Female"
"TRX-TE-MSP-0707","Balb_cJ","Xray","na","na","na","FA1","Blinded","TnE_Phase1b_Blinded_FA1","Female"
"TRX-TE-MSP-0840","Balb_cJ","Xray","na","na","na","FA2","Blinded","TnE_Phase1b_Blinded_FA2","Female"
"TRX-TE-MSP-0580","Balb_cJ","Control","na","6","0","FA1","Training","TnE_Baseline_0Gy_FA1","Male"
"TRX-TE-MSP-0926","Balb_cJ","Xray","na","na","na","FA2","Blinded","TnE_Phase1b_Blinded_FA2","Female"
"TRX-XBC-0065","Balb_cJ","Xray","TBI","1","100","na","Control","Xray_Balb_Control","Male"
"TRX-DIRP-0111","C57BL6","pool","pool","pool","na","na","BatchRef","Diff_IR_Pelts_Pool","Male"
"TRX-TE-MSP-0689","Balb_cJ","Xray","na","na","na","FA1","Blinded","TnE_Phase1b_Blinded_FA1","Female"
"TRX-TE-MSP-0842","Balb_cJ","Xray","na","na","na","FA2","Blinded","TnE_Phase1b_Blinded_FA2","Female"
"TRX-BCP-0051","Balb_cJ","pool","pool","pool","na","na","BatchQC","BalbC_Pool","Mix"
"TRX-TE-MSP-1033","Balb_cJ","Xray","na","na","na","FA2","Blinded","TnE_Phase1b_Blinded_FA2","Male"
"TRX-XBC-0067","Balb_cJ","Xray","TBI","14","100","na","Control","Xray_Balb_Control","Female"
"TRX-TE-MSP-0939","Balb_cJ","Xray","na","na","na","FA2","Blinded","TnE_Phase1b_Blinded_FA2","Female"
"TRX-TE-MSP-0642","Balb_cJ","Xray","TBI","130","433","FA2","Training","TnE_Training_4Gy_FA2","Female"
"TRX-TE-MSP-0830","Balb_cJ","Xray","na","na","na","FA1","Blinded","TnE_Phase1b_Blinded_FA1","Male"
"TRX-TE-MSP-0976","Balb_cJ","Xray","na","na","na","FA2","Blinded","TnE_Phase1b_Blinded_FA2","Male"
"TRX-XBC-0069","Balb_cJ","Xray","TBI","6","400","na","Control","Xray_Balb_Control","Female"
"TRX-TE-MSP-0946","Balb_cJ","Xray","na","na","na","FA2","Blinded","TnE_Phase1b_Blinded_FA2","Male"
"TRX-TE-MSP-0781","Balb_cJ","Xray","na","na","na","FA1","Blinded","TnE_Phase1b_Blinded_FA1","Male"
"TRX-TE-MSP-0979","Balb_cJ","Xray","na","na","na","FA2","Blinded","TnE_Phase1b_Blinded_FA2","Male"
"TRX-XBC-0072","Balb_cJ","Control","na","6","0","na","Control","Xray_Balb_Control","Male"
"TRX-TE-MSP-0636","Balb_cJ","Xray","TBI","90","433","FA2","Training","TnE_Training_4Gy_FA2","Male"
"TRX-TE-MSP-0815","Balb_cJ","Xray","na","na","na","FA1","Blinded","TnE_Phase1b_Blinded_FA1","Male"
"TRX-DIRP-0112","C57BL6","pool","pool","pool","na","na","BatchRef","Diff_IR_Pelts_Pool","Male"
"TRX-TE-MSP-0620","Balb_cJ","Xray","TBI","150","108","FA2","Training","TnE_Training_1Gy_FA2","Male"
"TRX-TE-MSP-1003","Balb_cJ","Xray","na","na","na","FA2","Blinded","TnE_Phase1b_Blinded_FA2","Male"
"TRX-XBC-0075","Balb_cJ","Xray","TBI","14","200","na","Control","Xray_Balb_Control","Male"
"TRX-TE-MSP-0627","Balb_cJ","Xray","TBI","6","433","FA1","Training","TnE_Training_4Gy_FA1","Male"
"TRX-TE-MSP-0738","Balb_cJ","Xray","na","na","na","FA1","Blinded","TnE_Phase1b_Blinded_FA1","Female"
"TRX-XBC-0077","Balb_cJ","Control","na","1","0","na","Control","Xray_Balb_Control","Male"
"TRX-TE-MSP-0969","Balb_cJ","Xray","na","na","na","FA2","Blinded","TnE_Phase1b_Blinded_FA2","Male"
"TRX-TE-MSP-0725","Balb_cJ","Xray","na","na","na","FA1","Blinded","TnE_Phase1b_Blinded_FA1","Female"
"TRX-TE-MSP-0831","Balb_cJ","Xray","na","na","na","FA1","Blinded","TnE_Phase1b_Blinded_FA1","Male"
"TRX-TE-MSP-1011","Balb_cJ","Xray","na","na","na","FA2","Blinded","TnE_Phase1b_Blinded_FA2","Male"
"TRX-XBC-0079","Balb_cJ","Xray","TBI","1","100","na","Control","Xray_Balb_Control","Female"
"TRX-TE-MSP-0878","Balb_cJ","Xray","na","na","na","FA2","Blinded","TnE_Phase1b_Blinded_FA2","Female"
"TRX-DIRP-0103","C57BL6","pool","pool","pool","na","na","BatchRef","Diff_IR_Pelts_Pool","Male"
"TRX-TE-MSP-0752","Balb_cJ","Xray","na","na","na","FA1","Blinded","TnE_Phase1b_Blinded_FA1","Male"
"TRX-TE-MSP-0598","Balb_cJ","Control","na","150","0","FA2","Training","TnE_Baseline_0Gy_FA2","Female"
"TRX-TE-MSP-0727","Balb_cJ","Xray","na","na","na","FA1","Blinded","TnE_Phase1b_Blinded_FA1","Female"
"TRX-BCP-0052","Balb_cJ","pool","pool","pool","na","na","BatchQC","BalbC_Pool","Mix"
"TRX-TE-MSP-0960","Balb_cJ","Xray","na","na","na","FA2","Blinded","TnE_Phase1b_Blinded_FA2","Male"
"TRX-TE-MSP-0594","Balb_cJ","Control","na","130","0","FA2","Training","TnE_Baseline_0Gy_FA2","Female"
"TRX-TE-MSP-0935","Balb_cJ","Xray","na","na","na","FA2","Blinded","TnE_Phase1b_Blinded_FA2","Female"
"TRX-DIRP-0113","C57BL6","pool","pool","pool","na","na","BatchRef","Diff_IR_Pelts_Pool","Male"
"TRX-TE-MSP-0808","Balb_cJ","Xray","na","na","na","FA1","Blinded","TnE_Phase1b_Blinded_FA1","Male"
"TRX-TE-MSP-1025","Balb_cJ","Xray","na","na","na","FA2","Blinded","TnE_Phase1b_Blinded_FA2","Male"
"TRX-TE-MSP-0719","Balb_cJ","Xray","na","na","na","FA1","Blinded","TnE_Phase1b_Blinded_FA1","Female"
"TRX-TE-MSP-0920","Balb_cJ","Xray","na","na","na","FA2","Blinded","TnE_Phase1b_Blinded_FA2","Female"
"TRX-TE-MSP-0610","Balb_cJ","Xray","TBI","14","108","FA1","Training","TnE_Training_1Gy_FA1","Female"
"TRX-TE-MSP-0922","Balb_cJ","Xray","na","na","na","FA2","Blinded","TnE_Phase1b_Blinded_FA2","Female"
"TRX-XBC-0086","Balb_cJ","Xray","TBI","6","100","na","Control","Xray_Balb_Control","Female"
"TRX-TE-MSP-0844","Balb_cJ","Xray","na","na","na","FA2","Blinded","TnE_Phase1b_Blinded_FA2","Female"
"TRX-TE-MSP-0798","Balb_cJ","Xray","na","na","na","FA1","Blinded","TnE_Phase1b_Blinded_FA1","Male"
"TRX-TE-MSP-1004","Balb_cJ","Xray","na","na","na","FA2","Blinded","TnE_Phase1b_Blinded_FA2","Male"
"TRX-BCP-0020","Balb_cJ","pool","pool","pool","na","na","BatchQC","BalbC_Pool","Mix"
"TRX-TE-MSP-0778","Balb_cJ","Xray","na","na","na","FA1","Blinded","TnE_Phase1b_Blinded_FA1","Male"
"TRX-XBC-0090","Balb_cJ","Xray","TBI","1","100","na","Control","Xray_Balb_Control","Male"
"TRX-TE-MSP-1008","Balb_cJ","Xray","na","na","na","FA2","Blinded","TnE_Phase1b_Blinded_FA2","Male"
"TRX-XBC-0091","Balb_cJ","Xray","TBI","1","200","na","Control","Xray_Balb_Control","Male"
"TRX-BCP-0053","Balb_cJ","pool","pool","pool","na","na","BatchQC","BalbC_Pool","Mix"
"TRX-TE-MSP-0706","Balb_cJ","Xray","na","na","na","FA1","Blinded","TnE_Phase1b_Blinded_FA1","Female"
"TRX-TE-MSP-0739","Balb_cJ","Xray","na","na","na","FA1","Blinded","TnE_Phase1b_Blinded_FA1","Female"
"TRX-DIRP-0114","C57BL6","pool","pool","pool","na","na","BatchRef","Diff_IR_Pelts_Pool","Male"
"TRX-XBC-0093","Balb_cJ","Xray","TBI","1","400","na","Control","Xray_Balb_Control","Male"
"TRX-TE-MSP-0829","Balb_cJ","Xray","na","na","na","FA1","Blinded","TnE_Phase1b_Blinded_FA1","Male"
"TRX-XBC-0094","Balb_cJ","Xray","TBI","6","200","na","Control","Xray_Balb_Control","Male"
"TRX-TE-MSP-0937","Balb_cJ","Xray","na","na","na","FA2","Blinded","TnE_Phase1b_Blinded_FA2","Female"
